{
  "project_info": {
    "project_number": "38992906321",
    "firebase_url": "https://flutter-create-contest.firebaseio.com",
    "project_id": "flutter-create-contest",
    "storage_bucket": "flutter-create-contest.appspot.com"
  },
  "client": [
    {
      "client_info": {
        "mobilesdk_app_id": "1:38992906321:android:b8d8a8249025c982",
        "android_client_info": {
          "package_name": "devstream.tamiyo.create_competiton"
        }
      },
      "oauth_client": [
        {
          "client_id": "38992906321-ge7u13df1sg0ddbpr7fk683mvapmqh3o.apps.googleusercontent.com",
          "client_type": 3
        }
      ],
      "api_key": [
        {
          "current_key": "AIzaSyAp4zhPV7aj-ptfNbH6Ljb0cm4Q-2Jjh8A"
        }
      ],
      "services": {
        "analytics_service": {
          "status": 1
        },
        "appinvite_service": {
          "status": 1,
          "other_platform_oauth_client": []
        },
        "ads_service": {
          "status": 2
        }
      }
    }
  ],
  "configuration_version": "1"
}